"Exact Date","Name of Event","Description of Event"
"February 20, 2014","Geopolitical Shock: Annexation of Crimea & Donbas War","The Russian Federation annexed Crimea and the War in Donbas began, internally displacing millions of Ukrainians and driving ethnic Romanians to seek EU citizenship."
"November 30, 2014","Economic Shock: Moldovan Bank Fraud Scandal","The 'Theft of the Century' became public, where $1 billion (12% of Moldova's GDP) was stolen from three major banks, triggering an economic collapse and massive emigration."
"March 16, 2020","COVID-19: Romania Declares State of Emergency (Decree 195/2020)","Romania declared a nationwide state of emergency, closing borders, halting in-person government services, and restricting travel. ANC offices were effectively shuttered, causing citizenship application volumes to collapse."
"May 15, 2020","COVID-19: State of Emergency Ends, State of Alert Begins","Romania transitioned from the State of Emergency to a less restrictive State of Alert, allowing partial reopening of government services and gradual resumption of in-person citizenship applications."
"May 15, 2020","Leadership Change: Gabriela Lenghel Appointed President","Gabriela Lenghel assumed the role of President of the National Authority for Citizenship, overseeing the institution through the significant processing backlogs exacerbated by the COVID-19 pandemic."
"April 15, 2021","Geopolitical Shock: Initial Russian Troop Buildup","First major massing of Russian troops near the Ukrainian border, signaling structural regional instability and potential preemptive emigration planning."
"July 26, 2021","Enactment of Emergency Ordinance No. 82/2021 (OUG 82/2021)","An anti-fraud legislative measure that legally empowered the ANC's Citizenship Commission to independently verify the authenticity of applicant documents with the issuing institutions, specifically targeting pending files with doubtful evidence."
"November 10, 2021","Geopolitical Escalation: Second Troop Buildup","Renewed massive deployment of Russian forces along Ukraine's borders, drastically increasing regional anxiety."
"November 23, 2021","Turkish Economic Crisis: Historic Lira Crash","The Turkish Lira completely collapsed to historic lows, triggering rampant inflation and sparking a massive, sustained wave of economic emigration (brain drain) from Turkey."
"February 24, 2022","Geopolitical Shock: Full-Scale Invasion of Ukraine","Russia launched a full-scale invasion of Ukraine, immediately triggering a massive refugee crisis across Eastern Europe and heavily impacting Romanian border integration."
"March 8, 2022","COVID-19: State of Alert Officially Lifted","Romania officially lifted the State of Alert, ending all remaining COVID-19 restrictions. Government services, including in-person ANC operations, returned to full pre-pandemic capacity."
"May 22, 2024","Leadership Change: Silviu-Gabriel Barbu Appointed President","Silviu-Gabriel Barbu, a former judge and head of the Prime Minister's Control Body, was appointed as the new President of the ANC (with the rank of State Secretary) for a four-year term. Ana-Claudia Țapardel was appointed Vice-President on the same day."
"July 25, 2024","Enactment of Government Emergency Ordinance No. 100/2024 (OUG 100/2024)","A major legislative security update aimed at aligning Romania with the US Visa Waiver Program requirements. It prohibited proxy applications (mandating that all files be submitted in person), introduced mandatory biometric data collection (fingerprints and facial scans), initiated the creation of a secure electronic citizenship card, and extended the legal time limit to take the citizenship oath from 6 months to 1 year."
"March 12, 2025","Enactment of Law No. 14/2025 (Effective March 15, 2025)","A massive, structural overhaul of Law No. 21/1991. Key provisions included: Reduced Naturalization Term from 8 to 3 years for EU/EEA/Swiss citizens and refugees; Introduced a mandatory B1-level Romanian language proficiency assessment; Officially extended the ANC's legal deadline for processing citizenship applications from 5 months to 2 years; Mandated that civil status documents be no more than 2 years old; Set a deadline of June 30, 2026, for the ANC to implement a digital platform."
"November 2025","Leadership Change: Ana-Claudia Țapardel Assumes Interim Presidency","Ana-Claudia Țapardel, previously serving as Vice-President, stepped in as Interim President of the ANC following Silviu-Gabriel Barbu's departure, continuing to oversee the complex implementation of the new 2024/2025 citizenship laws and biometric integrations."